{
    "Admin": {
        "u4035ff5e2a4fdbf2bc5640ad99157c79": true
    },
    "AdminDel": false,
    "Adminadd": false,
    "AutoReject": false,
    "AutoRespon": false,
    "AutojoinTicket": false,
    "BackupBot": true,
    "Ban": false,
    "Blacklist": {},
    "Contact": false,
    "ContactAdd": {
        "null": true
    },
    "Copy": false,
    "GName": "",
    "Gift": false,
    "IDSticker": false,
    "Invite": false,
    "KickOn": true,
    "KickRespon": false,
    "KillOn": false,
    "Leave": false,
    "LvText": "bay bay...",
    "Mic": false,
    "MicDel": false,
    "PesanAdd": "\ud83c\udf80 \u0e2a\u0e27\u0e31\u0e2a\u0e14\u0e35\u0e22\u0e34\u0e19\u0e14\u0e35\u0e15\u0e49\u0e2d\u0e19\u0e23\u0e31\u0e1a\u0e40\u0e02\u0e49\u0e32\u0e01\u0e25\u0e38\u0e48\u0e21\u0e04\u0e23\u0e31\u0e1a\u0e1c\u0e21 \ud83c\udf80 \n\u250f\u00b0\ud83c\udf80\u2022\u00b0\u270d\u0361\u27b4\u09e1\u035c\u0361\ud81a\udc68Selfbot\ud81a\udc68\u27a3\u00b0\u2022\ud83c\udf80\u00b0\u2513 \n\n\ud83d\udcb0 \u0e23\u0e31\u0e1a\u0e15\u0e34\u0e14\u0e40\u0e0a\u0e25\u0e1a\u0e2d\u0e17\u0e01\u0e31\u0e19\u0e23\u0e31\u0e19 350 \u0e1a\u0e32\u0e17. \n\ud83d\udcb0 \u0e2d\u0e2d\u0e42\u0e15\u0e49\u0e1a\u0e25\u0e47\u0e2d\u0e04. \u0e01\u0e31\u0e19\u0e23\u0e31\u0e19 100% \n\ud83d\udcb0 \u0e2a\u0e31\u0e48\u0e07\u0e41\u0e17\u0e47\u0e01\u0e0a\u0e37\u0e48\u0e2d \u0e2a\u0e21\u0e32\u0e0a\u0e34\u0e04\u0e17\u0e31\u0e49\u0e07\u0e01\u0e25\u0e38\u0e48\u0e21\u0e44\u0e14\u0e49 \n\ud83d\udcb0 \u0e15\u0e31\u0e49\u0e07\u0e02\u0e49\u0e2d\u0e04\u0e27\u0e32\u0e21\u0e04\u0e19 \u0e40\u0e02\u0e49\u0e32 \u0e2d\u0e2d\u0e01. \u0e44\u0e14\u0e49 \n\ud83d\udcb0 \u0e15\u0e31\u0e49\u0e07\u0e02\u0e49\u0e2d\u0e04\u0e27\u0e32\u0e21 \u0e40\u0e27\u0e25\u0e32\u0e04\u0e19\u0e40\u0e40\u0e17\u0e47\u0e01\u0e0a\u0e37\u0e48\u0e2d\u0e40\u0e23\u0e32\u0e44\u0e14\u0e49 \n\ud83d\udcb0 \u0e25\u0e39\u0e01\u0e40\u0e25\u0e48\u0e19\u0e21\u0e32\u0e01\u0e21\u0e32\u0e22 \u0e04\u0e27\u0e32\u0e21\u0e40\u0e23\u0e47\u0e27\u0e1a\u0e2d\u0e17 0.02 \u0e23\u0e31\u0e19\u0e23\u0e30\u0e1a\u0e1a\u0e43\u0e19\u0e40\u0e0b\u0e34\u0e1f\u0e15\u0e48\u0e32\u0e07\u0e1b\u0e23\u0e30\u0e40\u0e17\u0e28\n\u0e08\u0e33\u0e2b\u0e19\u0e48\u0e32\u0e22\u0e1a\u0e2d\u0e17\u0e40\u0e1d\u0e49\u0e32\u0e2b\u0e49\u0e2d\u0e07\u0e1b\u0e49\u0e2d\u0e07\u0e01\u0e31\u0e19\u0e01\u0e25\u0e38\u0e48\u0e21\u0e42\u0e14\u0e19\u0e25\u0e1a\u0e44\u0e14\u0e49 \n\ud83d\udccd \u0e2a\u0e31\u0e48\u0e07\u0e07\u0e32\u0e19\u0e1a\u0e2d\u0e17\u0e44\u0e14\u0e49\u0e17\u0e38\u0e01\u0e04\u0e33\u0e2a\u0e31\u0e48\u0e07 \n\ud83d\udccd \u0e14\u0e36\u0e07\u0e40\u0e02\u0e49\u0e32\u0e01\u0e25\u0e38\u0e48\u0e21\u0e44\u0e14\u0e49\u0e44\u0e21\u0e48\u0e08\u0e33\u0e01\u0e31\u0e14\u0e01\u0e25\u0e38\u0e48\u0e21\n\ud83d\udccd \u0e08\u0e48\u0e32\u0e22\u0e04\u0e23\u0e31\u0e49\u0e07\u0e40\u0e14\u0e35\u0e22\u0e27\u0e08\u0e1a\u0e44\u0e21\u0e48\u0e21\u0e35\u0e23\u0e32\u0e22\u0e40\u0e14\u0e37\u0e2d\u0e19\n       \u0e23\u0e32\u0e04\u0e32 1 \u0e15\u0e31\u0e27 300 \u0e1a\u0e32\u0e17\n               2 \u0e15\u0e31\u0e27 500 \u0e1a\u0e32\u0e17\n\n\u2708 \u0e21\u0e35\u0e40\u0e0a\u0e25\u0e1a\u0e34\u0e19\u0e43\u0e2b\u0e49\u0e40\u0e0a\u0e48\u0e48\u0e32 \u0e23\u0e32\u0e04\u0e32 100 \u0e1a\u0e32\u0e17 \u0e15\u0e48\u0e2d\u0e04\u0e23\u0e31\u0e49\u0e07 \u0e2a\u0e32\u0e21\u0e32\u0e23\u0e16\u0e1a\u0e34\u0e19\u0e1a\u0e2d\u0e17 \u0e27\u0e35 37 \u0e15\u0e31\u0e27\u0e44\u0e14\u0e49\u0e2a\u0e1a\u0e32\u0e22\u0e46\n\n\ud83d\udccc\u0e2a\u0e19\u0e43\u0e08 \u0e15\u0e34\u0e14\u0e15\u0e48\u0e2d \u0e2a\u0e2d\u0e1a\u0e16\u0e32\u0e21\u0e44\u0e14\u0e49 24\u0e0a.\u0e21 \nLine Id selfthai\n\u2712 http://line.me/ti/p/~selfthai\n\n\u2517\u00b0\ud83c\udf80\u2022\u00b0\u270d\u0361\u27b4\u09e1\u035c\u0361\ud81a\udc68Selfbot\ud81a\udc68\u27a3 \u00b0\u2022\ud83c\udf80\u00b0\u251b \nSelfbot By.\u21aa\u0b85\u306e\u2122\u270c\u3056\u0e45\u0639\u274d\u0e48\u274d\u045a\u2b50\u2122",
    "ROM": {
        "c9eaf3979d3f7fd7a079872c19102ca30": {}
    },
    "SpamInvite": false,
    "Steal": false,
    "Timeline": false,
    "Unban": false,
    "UnsendPesan": false,
    "Upfoto": false,
    "UpfotoBot": false,
    "UpfotoGroup": false,
    "WcText": "\u0e2a\u0e27\u0e31\u0e14\u0e14\u0e35",
    "Welcome": true,
    "autoAdd": true,
    "autoBlock": false,
    "autoJoin": true,
    "autoRead": false,
    "readMember": {
        "c9eaf3979d3f7fd7a079872c19102ca30": ""
    },
    "readPoint": {
        "c9eaf3979d3f7fd7a079872c19102ca30": "9161033984363"
    },
    "readTime": {
        "c9eaf3979d3f7fd7a079872c19102ca30": "01:59:19"
    }
}